full_name,frequency
владимир путин,1294
дональд трамп,1138
дмитрий песок,257
криштиан роналда,230
андрей воробьев,203
дмитрий медведев,199
мегана марклый,195
чен ын,172
пётр порошенко,169
чен ына,138
аркадия бабченко,129
рамзан кадыров,126
александр головин,125
сергей скрипалить,111
тасс,104
вашингтон,103
олег дерипаск,100
ким кардашьян,98
евгений медведев,89
гарри,87
минфин,86
путин,81
ангел меркель,80
эммануэль макрон,78
петра порошенко,78
речь,77
тереза мэй,76
олег сенцов,76
никола пашинянин,70
лионель месси,67
башар асад,67
павел дуров,66
александр овечкин,66
борис герман,63
антон силуановый,62
чен ыном,61
станислав черчёс,60
мужчина,60
мундиаля,60
надежда савченко,60
дмитрия медведев,59
алексей кудрин,58
сергей лавров,57
серж саргсян,54
артём дзюба,54
харви вайнштейн,54
станислав черчесова,52
демьян кудрявцев,52
роскомнадзор,51
александр лукашенко,48
диего марадон,48
канье уэст,48
сергей скрипаль,46
серить уильямс,46
майк помпео,45
юлий,45
трамп,44
блогер,44
барак обама,43
португалец,43
мария шарапов,43
мессенджер,42
лионеля месси,42
максим топилина,41
владимир,41
джон болтон,41
юлий самойлов,41
парламентарий,40
илона маск,40
владимир жириновский,38
игорь акинфей,38
си цзиньпин,38
сергей собянин,37
роберто манчинить,37
борис джонсон,37
этери тутберидзе,36
виталий мутко,36
мария захаров,36
юрий луценко,36
чарли роуля,36
кайлить дженнер,34
сергей игнаш,34
николай,34
юлия,34
злоумышленник,33
герцогиня сассекский,33
денис черышева,33
татьяна голиков,33
кейт миддлтон,33
серхио рамос,32
чжэ ин,32
алексей навальный,32
хорх сампаоля,31
дмитрий марков,31
мария бутин,31
мохаммед сало,31
роберт мюллер,31
елизавета,31
василий уткин,30
неймара,30
арсен авак,30
лента ру,29
татьяна москальков,29
григорий родченков,29
сергей шнур,29
болельщик,29
дон стерджесс,29
стэнли,29
вячеслав володин,29
задержать,28
актёр,28
владимир познер,28
зинединый зидать,28
госсекретарь,28
сергей шойгу,28
кирилл вышинский,27
александр новак,27
йенс столтенберг,27
юрий дудь,27
нападать,27
госкорпорация,27
герман греф,27
виктор вексельберг,27
игорь сечин,26
тайип эрдогать,26
биньямин нетаньяха,26
александр дрымановый,26
михаил саакашвили,26
игорь акинфеев,26
тета,26
людмила денисов,26
максим орешкин,25
россиянин,25
аркадий бабченко,25
юрий дмитриев,25
мевлютый чавушогла,25
джастин трюдо,25
сара сандерс,24
ксения собчак,24
артем дзюба,24
марио фернандес,24
подчеркнуть,24
александр,24
константин хабенский,23
константин ярошенко,23
кинематографист,23
пострадать,23
эмиль ратаковск,23
фёдор емельяненко,23
семён слепаков,22
олег знарка,22
илья воробьев,22
джонни депп,22
робби уильямс,22
сало,22
леонид слуцкий,22
пояснить,22
адольф гитлер,22
алексей,21
курт волкер,21
фёдор смолоть,21
маттео сальвини,21
земфира,21
мелания трамп,21
александр винник,21
александр браверман,21
виктор янукович,21
джеймс мэттис,21
александр фэк,20
никита джигурд,20
правоохранитель,20
женщина,20
хакер,20
таксист,20
борис ельцин,20
артемий лебедев,20
еврокомиссия,20
джанлуиджи буффон,20
дмитрий рогозин,20
туринский,20
александр усик,20
клод юнкер,19
россиянка,19
аккаунт,19
соцсеть,19
протестовать,19
брайан орсера,19
андрей парубия,19
иван грозный,19
килиан мбапп,19
борис титов,19
сергей генин,18
джефф монсон,18
ангела меркель,18
хабиб нурмагомед,18
великобритания елизавета,18
юрий ушаков,18
андрей разин,18
евгений чичваркин,18
андрей костин,18
златана ибрагим,18
роман зобнина,18
александр бастрыкин,18
подписчик,18
юлий тимошенко,18
павел климкина,18
лариса ницой,18
принц гарри,18
владимир гройсман,18
майкл помпео,18
пашинянин,18
филипп киркоров,18
уильям,18
мохамед сало,18
герман клименко,17
денис буцай,17
потерпевший,17
чен ыну,17
роман сущенко,17
буш старший,17
валентин матвиенко,17
скарлетта йоханссон,17
волонтёр,17
флорентино перес,17
руслан тагий,17
алан дзагоев,17
джордж клуня,17
элтон джон,17
элиса джонсон,17
мун чжэ,17
фрэнк мир,17
василий березуцкий,17
василий грицак,16
владимир омелян,16
хавбек,16
виталий милон,16
лука модрич,16
иванка трамп,16
виталий савельев,16
джон маккейн,16
аль багдади,16
хайо зеппельт,16
владимир черников,16
джанни инфантино,16
сергей,16
синдзый абэ,16
александр турчин,16
кремль,16
конора макгрегор,16
госдепартамент,16
павел,16
дмитрий пест,16
кирилл,16
ольга бузов,16
борис бабин,16
ольга забралов,16
дэйный уайт,16
эктор купер,16
юлий скрипаль,15
солсбери,15
андрей кочуйков,15
хадж бейлаганский,15
серхио агуэро,15
юлия самойлов,15
александр самед,15
бразилия неймара,15
мурат гассий,15
анатолий чубайс,15
гурбангул бердымухамед,15
ирина фаевскай,15
юзер,15
борис немцов,15
сообщать,15
йоахим левый,15
человек,15
хасан рухани,15
гэвино уильямсон,15
мадридский,15
антуан гризманна,15
владимир посаженник,15
кирилл серебренников,14
силовик,14
осудить,14
константин белинский,14
милоша земан,14
владимир павленко,14
никита белых,14
марк цукерберг,14
александр плутник,14
денис мантур,14
белла хадид,14
захар прилепин,14
гендиректор,14
генпрокуратура,14
алекс фергюсон,14
сергей кириенко,14
римский франциск,14
ильхам алиев,14
соединить,14
ленин,14
уточнить,14
нигериец,14
матильда,14
госдеп,14
анатолий матиос,14
алексей цымбалюк,14
георгий квирикашвили,14
андрей аршавино,14
денис тен,14
юрий борис,14
маурицио сарри,14
фернандо йерро,14
виктор цой,14
армен джигарханян,14
хиллари клинтон,14
унай эмери,14
наталья поклонской,14
александр хлопонин,14
чжэ ина,14
алексей малобродский,14
наталья дмитриев,13
беспилотник,13
александр дмитриев,13
анна моисеев,13
игорь востриков,13
ким чен,13
американец,13
игорь додон,13
армен саркисян,13
ирина геращенко,13
репортёр,13
сахаров,13
джузеппе конт,13
николас круз,13
илья кутеп,13
андрей,13
михаил,13
египтянин,13
дмитрий,13
ольга голодец,13
александр вучича,13
роскачество,13
акбар,13
иван мельников,13
олег слободяный,13
бейонс,12
владимир москаль,12
алексей улюкай,12
михаил дегтярев,12
домой,12
дмитрий козак,12
пеле,12
стивен мнучин,12
игорь шувалов,12
россельхознадзор,12
станислав говорухин,12
мать,12
никита михалков,12
вахтанг кикабидзе,12
твит,12
подельник,12
себастьян курц,12
энтони бурден,12
игорь ротенберг,12
подозревать,12
юсуф инана,12
телезвезда,12
полиция,12
певица,12
майкл,12
черчесова,12
владимир драчев,12
джим макграт,12
владимир колоколец,12
юлий иванов,12
анатолий сердюк,12
озхий,12
захарий калашов,12
александр жаров,12
юный,12
виталий кличко,12
анджелина джоля,12
александр захарченко,12
сергей жигарев,12
власть,12
иосиф кобзон,12
колумбиец,12
петер сийяртый,12
конором макгрегор,12
юрий жирков,12
петер шмейхель,12
юрий газинский,12
джон,12
юрий витренко,12
федора емельяненко,12
тимати,12
уилла смит,12
пенсионерка,11
артур чарльз,11
хасан,11
софия,11
алексей миллер,11
джон хантсман,11
михаил боярский,11
селен гомес,11
мария,11
фанат,11
энтони лок,11
валентин юмашев,11
светлана петренко,11
иисус христос,11
илья репин,11
дэвид бекхэма,11
исландец,11
юрий долгорукий,11
александр мамонт,11
святой георгий,11
мелания,11
сергей семак,11
ричард макларен,11
герцогиня,11
александр пушкин,11
украинец,11
никола пашинян,11
родриго дутерот,11
самуэль бендетта,11
тим берглинга,11
подсудимый,11
белый,11
джамбулат умаров,11
бортпроводник,11
аслан усоян,11
эйнштейн,10
мосгорсуд,10
далее,10
андрей малахов,10
хан соло,10
зиявудин магомедов,10
иван ургант,10
дмитрия козак,10
олег,10
рианна,10
николай петров,10
уругваец,10
никки хейль,10
уэсса митчелла,10
конрад мюррей,10
аргентинец,10
иван,10
роспотребнадзор,10
виктория попов,10
турс,10
алин загитов,10
бэнкс,10
андрей бурсин,10
гоголь,10
владимир мединский,10
василий,10
александр коган,10
квентин тарантино,10
виктор мураховский,10
компания,10
джордж мартин,10
американский,10
флешмоб,10
андрей травниковый,10
петра симоненко,10
дмитрия рогозин,10
людмила улицкай,10
хорват,10
гарета бэйл,10
жорж мендеш,10
дмитрия захарченко,10
мошенник,10
джефф безос,10
игорь насалик,10
россия,10
сауля ниинист,10
сталин,10
абель эрнандес,10
хендрик ильвес,10
центробанк,10
александр медведев,10
кара делевинь,10
садио мане,10
вера,10
скрипаль,10
британка,10
хорст зеехофер,10
олег тиньковы,10
сулейман керим,10
огнить вуко,10
александр крушельницкий,10
михаил пучковский,10
виктория,10
леонид кравчук,10
антон красовский,10
игорь кабаненко,9
принц уильям,9
михаил ефрем,9
билл клинтон,9
евгений петросян,9
игорь родионов,9
герман стерлигов,9
браун истец,9
ди каприо,9
авакова,9
али хаменея,9
бельгиец,9
николай усков,9
игорь мосийчук,9
гарри кейн,9
себастьян курец,9
гарри поттер,9
стефани клиффорд,9
униана,9
билл гейтс,9
дональд тускнуть,9
владислав третьяк,9
николай старостин,9
уругвай,9
пхеньян,9
спасатель,9
натали турс,9
саджид джавид,9
джозеф тревитик,9
леонид михельсон,9
оппозиционер,9
рептилия,9
константин кобзарь,9
навальный олег,9
екатерина мцитуридзе,9
илона,9
геннадий тимченко,9
псж неймара,9
илья ковальчук,9
саша,9
филарет,9
сергей шнуров,9
владимир воробьев,9
минэкономразвития,9
майкл джексон,9
дэйв маджумдар,9
черчёс,9
эда ширан,9
карен карапетян,9
юрий семин,9
георгий тук,9
майкл коэн,9
зоозащитник,9
люк бессон,9
наум коржавино,9
тупак шакура,9
артист,9
роман терюшковы,9
эден азар,9
роуз макгоуэн,9
алин,9
эльвира набиуллин,9
никол пашинян,9
врач,9
ен чхолить,9
челси дейви,9
фред,9
александр ткачев,9
игга азалия,9
мария гайдар,9
аль сауд,9
анастасий брызгалов,9
президент,9
сергей тутмин,9
адвокат,9
израиль,9
егор борис,9
реджеп тайип,9
сергей цивилев,9
ен чхан,9
аркадия ротенберг,9
андрей крищенко,9
рогать,9
ретейлера,9
свидетель,9
алексей улюкаева,8
вадим рабин,8
тони,8
нетта барзилай,8
мохаммед салах,8
омбудсмен,8
питон,8
владимир соловьев,8
илья трунина,8
мохамед салах,8
сергей иванов,8
возмутиться,8
гарета саутгейт,8
степан полторак,8
леонид кантереть,8
даля грибаускать,8
денис лопатин,8
оперативник,8
далай,8
энтони хопкинс,8
крис,8
михаил максименко,8
питер,8
рональд рейган,8
антон геращенко,8
китаянка,8
ник кейв,8
ван рой,8
юрий колокольник,8
евгений дитрих,8
сильвио берлускони,8
гонсалес теран,8
бразилец,8
владимир вятрович,8
александр емельяненко,8
джон оливер,8
дмитрий гудков,8
гордон,8
тайипа эрдогана,8
джон бреннана,8
максим,8
нурсултан назарбаев,8
зидать,8
лаша шушанашвили,8
хулить лопетег,8
карина цуркан,8
георгий,8
валерий фёдоров,8
владимир гройсмана,8
минтруд,8
марио манджукич,8
джим бэккер,8
наваз шариф,8
анатолий собчак,8
мустафа джемилеть,8
константин килимник,8
поль погб,8
анджей дуда,8
алекс лести,8
луис суарес,8
арнольд шварценеггер,8
выяснить,8
жомарт ертаев,8
джулиан ассанж,8
арсен венгера,8
кейт спейд,8
анна,8
законодатель,8
павел жебривский,8
джордж сорос,8
дипмиссия,8
замминистра,8
джордж,8
павел дацюк,8
павел грудинин,8
миллиардер,8
паоло герреро,8
дмитрий смирнов,8
карим бензём,8
уитня хьюстон,8
джей,8
григорий терентьев,8
напомнить,8
ванесса трамп,8
поделиться,8
джемма коллинза,8
роман абрам,8
майк,8
григорий пирумов,8
татьяна,8
софия ресинга,8
пётр,8
трансгендёр,8
николас мадурый,8
майк пенс,8
джердать шакири,8
пенсионер,8
сергей чемезов,8
владимир рубаном,8
яир родригес,8
наоми кэмпбелла,8
василий коновый,8
григорий лепс,8
владимир потанин,8
рафаэль надаль,8
владимир кожин,8
магнитский,8
московский,7
марка фейгин,7
посетовать,7
подытожить,7
информатор,7
дарья касаткин,7
трамп раскритиковать,7
андерс бессеберг,7
молотов,7
молодожён,7
том рогана,7
румный радеть,7
ветеринар,7
лолита милявский,7
андрей лунина,7
муамар каддафи,7
себастьян темпон,7
кевин спейся,7
наталья немчинов,7
настя,7
андрей исаев,7
полый манафорт,7
мурат ахеджак,7
андрей измайлов,7
резюмировать,7
уэссекский софи,7
салим мухамедьянов,7
лориса кариуса,7
андрей попов,7
мартин триппа,7
испанец,7
ирина яровой,7
поклонница,7
руслан,7
карл лагерфельд,7
сальма хайка,7
матеуш моравецкий,7
плата,7
питомец,7
анджела райт,7
морган фримя,7
семя слепаков,7
андрей коболеть,7
лю гоцин,7
валентин ривер,7
роналдый,7
кабмина,7
михаил федот,7
амик норкин,7
рустам танкай,7
эдуард лимонов,7
хизер нойерт,7
рамадан,7
согласовать,7
дмитрий губерний,7
дмитрий киселев,7
сергей стаховский,7
юрий томошевский,7
педро санчёс,7
оштрафовать,7
владимир маяковский,7
александр хуг,7
апу нахасапимапетилон,7
игорь денисов,7
шакро,7
александр шестун,7
яго аспас,7
александр яковенко,7
игорь конашенков,7
сообщник,7
олег петренко,7
пэтти дэвис,7
мадридец,7
джасея дуэйный,7
олег табаков,7
алексей гордеев,7
сотрудница,7
эрдогать,7
евдоким,7
борис клюев,7
александр розенбаум,7
иван моисеев,7
сергей мазур,7
пациентка,7
кубок стэнли,7
джон кеннеди,7
юрий,7
джонсон,7
синд майлз,7
брендать тая,7
джордж буш,7
райан о'райли,7
шерлок холмс,7
юлия скрипаль,7
сша дональд,7
овечкин анастасий,7
цска алексей,7
тамара плетнёв,7
аркадий,7
златко далич,7
джо перри,7
кэрри фишер,7
александр кудрин,7
зураб аласания,7
скрипалить виктория,7
владимир гутенев,7
диана,7
роберт дауни,7
алекс,7
александр новиков,7
линас линкявичюс,7
депутат,7
филипп коутиньо,7
дейва инч,7
бонд,7
илья мэддисон,7
девушка,7
ольга васильев,7
дональд,7
дэвид дэвис,7
шарлотта генсбур,7
петра,7
бен ладен,7
осман пашаев,7
янукович живьём,7
евгений кузнецов,7
ален попов,7
отравить,7
шура,7
крис браун,7
спецпредставитель,7
михаил мишустин,7
рикко гросс,7
илья яшин,7
людмила,7
богдан тиводар,7
алексей моисеев,7
виктор ануфриев,7
федора челышев,7
никита колесников,7
опросить,7
хавьер маскерано,7
анджела дэвис,6
уилбур росс,6
ди уильямс,6
улюкаева,6
уизлить,6
вялковы,6
кембриджский кейт,6
аслан алборов,6
юрий котлера,6
дрон,6
жерар депардие,6
дуглас коста,6
женя,6
алекс вавилов,6
ахмед муса,6
макаров,6
мэри крэмптон,6
марь трэн,6
цска,6
сыграть,6
юрген клоппа,6
эдвард,6
станислав сергей,6
владимир балух,6
эдуард лимоновый,6
андрей слепнев,6
каталонский,6
александр волков,6
андрей ростенко,6
барби,6
александр боровой,6
уго чавес,6
ахмед узюмджю,6
галина марчукова,6
андрей сова,6
глеб голубиный,6
хулёный лопетег,6
хамзат азим,6
дэвид гудоллар,6
леонид кравченко,6
микроблогер,6
билл гросс,6
флойд мэйуэзер,6
франсиско франко,6
сунита уильямс,6
стэн,6
салах,6
барон коэн,6
дмитрий хахалеть,6
франц клинц,6
дмитрия,6
геннадий москаль,6
уинслет раскритиковать,6
андрей литвинов,6
ле пена,6
эдинсон кавани,6
мегана фокс,6
лиз хаслам,6
виктор муженко,6
олег треповский,6
дмитрия песков,6
генерал,6
виктор черномырдин,6
адам,6
агрессор,6
олег чалыко,6
артём шейнин,6
эколог,6
кирилл каприз,6
гвинуть,6
левко лукьяненко,6
гарри трумэн,6
минздрав,6
стефа блок,6
генпрокурор,6
бразилия роналдый,6
евгений,6
октара,6
бразилия роналдиньо,6
андрей бабиш,6
лорд,6
валерий рашкина,6
елена одновол,6
сожитель,6
дмитрий кобылкин,6
елена меньшиков,6
юрий трутнеть,6
евгений васильев,6
юрий чайка,6
прокурор,6
придумать,6
маск,6
генсек,6
мухаррем инджа,6
андрей данилко,6
мамонт,6
виктория маккрэ,6
вероника скворцовый,6
артур иванов,6
виктория бекхэма,6
бритни спирс,6
джеймс глив,6
хлой кардашьян,6
эми полера,6
сергей князев,6
демонстрант,6
владимир машков,6
фетхуллах гюлена,6
фигурант,6
людмила улицкий,6
мишель вульф,6
владимир лысейко,6
роман,6
тренд,6
сенатор,6
ирина круг,6
антон миранчук,6
ирина коровин,6
нетта,6
светлана лобод,6
чарльз,6
рамаз дзнеладзе,6
марка,6
ирина волк,6
джереми хант,6
южноамериканец,6
брэд маршанда,6
джек,6
марка цукерберг,6
мария алехин,6
джейсон феликс,6
роман нойштедтер,6
селина диона,6
терри крюс,6
игорь холманский,6
роман романов,6
николай ватутин,6
алексей гуськов,6
тиаго силва,6
игорь смольник,6
изольда высоцкий,6
бенитый муссолини,6
энтони джошуа,6
аль насири,6
игорь лебедев,6
рейнолдс фишер,6
гурбангул бердымухамедов,6
александр шульгин,6
антон черняк,6
алексей рогозин,6
николай соболев,6
сидень кугульер,6
порошенко,6
алексей сазан,6
ирина,6
пашинян,6
федора,6
анатолий антонов,6
серж дассо,6
талия,6
нурмагомед,6
сергей аксен,6
вциома,6
джозеф джексон,6
аркадий дворк,6
сесилия мальмстрёма,6
госкомпания,6
дарья стариков,6
константин сивко,6
иосиф пригожин,6
юлия чичерин,6
александр иншак,6
тайлера рогуэй,6
маркос рохо,6
михаил прохоров,6
прохожий,6
выбежать,6
вадим субботина,6
александр зубков,6
уэйт келлер,6
белых этапировать,6
де брюйн,6
сергей безруков,6
наджиб разак,6
талиб,6
анатолий аксаков,6
иван бубенчик,6
иван дремин,6
ниро обматерить,6
алл пугачев,6
джефф безоса,6
криптовалюта,6
александр невский,6
эмманюэль макрон,6
сергей наесть,6
пирс морган,6
томас марклый,6
патрисия буллрич,6
джимми киммел,6
грант,6
майкл карри,6
антон ярошина,5
мегана,5
владимир солнцев,5
редьярд киплинга,5
москвичка,5
антон лавров,5
аслан гагий,5
шафорост заподозрить,5
михаил ланина,5
лондон,5
роман полански,5
лидер,5
крис андерсон,5
волков,5
шамиль басаев,5
лейс антело,5
римский климент,5
литр,5
ант ребич,5
роналда,5
рекс тиллерсон,5
ванда вилкомирской,5
антон заболотный,5
рорь смит,5
фетхуллах гюлен,5
михая,5
хаджибаба талыбханл,5
мбапп,5
полый,5
лама,5
моран,5
мик лиу,5
усэйн болт,5
кэтрин хиль,5
фил дэвис,5
ловыгин,5
попутчик,5
крюгер,5
фёдор кудряшов,5
кэтлина демлоу,5
ксения,5
кэти холли,5
репин,5
анна кузнецов,5
премьер,5
молодой,5
роберто фирмин,5
анна каренин,5
эдвард сноуден,5
милош земана,5
логать,5
фёдор,5
владимир бортко,5
федора смолово,5
кристофер чоп,5
фон триер,5
лев толстой,5
владимир королева,5
фаррар петерсон,5
фернанда мор,5
лев герман,5
марьяна бец,5
рен фазель,5
михаил григоренко,5
корь патрик,5
кортни кардашьян,5
артём анисимов,5
российский,5
владимир печёный,5
владимир петров,5
мишель,5
лодочка,5
михаил ан,5
галкин,5
артур согомонянин,5
ашираф като,5
митио кака,5
фотограф,5
андрей шевченко,5
метр,5
артистка,5
шнайдер,5
ростуризм,5
владимир ленин,5
порнозвезда,5
рон джонсон,5
мансур хади,5
андрей сахаров,5
нить кеннеди,5
зелимхан ахмадов,5
александр кириллов,5
александр кольченко,5
майкл макдональд,5
райнер хартманна,5
зорян шкиряк,5
танкян саргсян,5
джина,5
джим керри,5
ива рош,5
нона,5
тарон маргарян,5
иван варченко,5
путин президент,5
джефф сешнс,5
джефф рейнер,5
паук троицкий,5
александр калинин,5
александр иванов,5
захарченко,5
джонс хопкинс,5
александр бородать,5
общественник,5
джордж скиннер,5
райан рейнольдс,5
марин семынина,5
юрий башмет,5
юрий бардаш,5
джонни деппа,5
таблоид,5
симон герц,5
бригитта нильсный,5
джонатан андерсон,5
джонатан айвить,5
папа,5
захарий,5
александр дюков,5
татьяна ахмедов,5
татьяна дьяченко,5
джош коэн,5
брэд питта,5
джеймс бонд,5
джейм ланнистер,5
игорь марков,5
чарльз роуля,5
игорь романенко,5
джанго эдвардс,5
алексей гостев,5
николай валуев,5
игорь тресковый,5
бенедикт камбербэтч,5
эрик,5
игорь угольник,5
эрдогана,5
алексей крамаренко,5
никола,5
мария миронов,5
переиграть,5
джеймс джонсон,5
николай патрушев,5
игорь комаров,5
берлускони заподозрить,5
джеральд напасть,5
пашинян проголосовать,5
иван ракитич,5
дженнифер лоуренс,5
иванишвили,5
эшли алексис,5
ивар маунтбаттный,5
игорь,5
бердымухамедов,5
этта чжолинь,5
александр телепнева,5
тейлор голдблатт,5
александр хорошавин,5
игорь воронченко,5
николай тихонов,5
игорь жданов,5
сито мина,5
билл,5
депп,5
олег мамиев,5
дом рф,5
доктор,5
стивен хокинг,5
евгений сивкова,5
ян рудковский,5
софья апфельбаум,5
евгений хромушин,5
ян кедрина,5
олег яковлев,5
стормить,5
дмитрия тарасов,5
софи тернер,5
адам левин,5
официантка,5
максим немыченкова,5
борис мазо,5
олег соловей,5
стивен кинг,5
австралийка,5
отчислять,5
дрю бэрримор,5
мануэль нойер,5
осьминог,5
дэн лобба,5
дуэйн онфрой,5
степан бандёр,5
дэнни роуз,5
хуа чуньин,5
ярослав нил,5
ольга жуков,5
е чжон,5
пётр ян,5
ольга скоробогатов,5
мамуд гассам,5
болтон посетить,5
або рид,5
стив дитко,5
блейк лейбел,5
дмитрий сергеев,5
джоэль альварес,5
елена,5
алан лонгмьюир,5
юрий лужков,5
мариано раха,5
оззь осборн,5
слоан стивенс,5
одри хепберн,5
диего коста,5
брайан орсерый,5
райан гиггз,5
хозяин,5
ди мария,5
юрий итина,5
жилец,5
майя ломидзе,5
жительница,5
жозе моуринья,5
заверить,5
дионисий золотов,5
оксана косарев,5
диппредставительство,5
юрий чиханчин,5
дмитрий рыболовлев,5
сон хи,5
азизян,5
дмитрий патрушев,5
борис ротенберг,5
пэрис хилтон,5
максим бородулин,5
елена зеркаля,5
снбо,5
дмитрий корчинский,5
соледада торрес,5
олег дерипаска,5
елена темников,5
ботнет,5
юрий рашкина,5
собеседник,5
извержение,5
игорь охлупин,5
алексей леонов,5
гречь томсон,5
эль азиз,5
граймс,5
грабитель,5
господин трамп,5
карли кларк,5
туринец,5
сассекский,5
тьерри марембер,5
карра,5
сара нетаньяха,5
анатолий хованец,5
марокканец,5
тэб хантереть,5
луис энрике,5
като транслировать,5
кара мурза,5
свеа,5
элис купер,5
анастасий тютрюмов,5
североатлантический,5
истец,5
себастьян роблин,5
марка хант,5
иэн райт,5
наталья,5
трамп упрекнуть,5
лэндо калриссиан,5
настасья самбурский,5
гульсина минниханов,5
поведать,5
наркоторговец,5
кайлин марь,5
анастасий бондаренко,5
григорий лепёс,5
уборщица,5
луис уолш,5
трамп мелания,5
андрей ермоленко,5
гвинуть пэлтроу,5
эйнштейн уличить,5
вальтер штайнмайер,5
гарри отправиться,5
ульян солопов,5
гарри кейный,5
мохаммед али,5
садель юнга,5
андрей павелко,5
андрей павленко,5
савченко обсуждать,5
савченко,5
андрей прокунин,5
моуринья просматривать,5
эдуард мацаберидзе,5
кира майер,5
андрей горьков,5
пожаловаться,5
валерий фадеев,5
глава,5
гитлер,5
кейт,5
кейт аптон,5
кейт джексон,5
уделить,5
луи вюиттон,5
кендалл,5
ханна,5
кендрик ламар,5
андрей аверкиев,5
керимгул,5
георгий маргвелашвили,5
элвис пресли,5
мэй засудить,5
северокорейский,5
какау оливер,5
трамп гневный,5
дарья жук,5
информагентство,5
сергей бараховый,5
хасан азимов,5
сергей григор,5
эндрю линкольн,5
де хеа,5
тиффаня,5
петра павленский,5
алессандро шопф,5
илья тарасенко,5
ален симонянин,5
неравенство белла,5
дайвер,5
чейлом сонненом,5
дель монт,5
сергей кирьяк,5
илья авербух,5
нигерия,5
сергей клочков,5
алексей сорокин,5
денис вороненков,5
алексей серебряков,5
хейль болдуин,5
бен уоллес,5
сергей лебедев,5
тиа фримя,5
алексей мордашов,5
чвк вагнер,5
алексей макеев,5
рауль,5
дед мороз,5
инцидент,5
рауль кастро,5
алуна рис,5
писатель,5
белля,5
томас тухель,5
данил прилепа,5
ирина фарион,5
даррен аронофски,5
исаак,5
аль аттыйя,5
дайвера,5